x,y,z,pitch,yaw,roll
83.44922637939453,-138.077392578125,0.5985837578773499,-1.3772870302200317,1.4723217487335205,0.6312874555587769
84.08601379394531,-138.05967712402344,0.5827308893203735,-1.3416744470596313,1.4561790227890015,0.6098405718803406
85.10205841064453,-138.0323944091797,0.5568518042564392,-1.3179600238800049,1.4575769901275635,0.5726231336593628
86.3900375366211,-137.99813842773438,0.5235082507133484,-1.3984060287475586,1.4548678398132324,0.5341417193412781
87.5010986328125,-137.9688262939453,0.49407443404197693,-1.4073126316070557,1.453438639640808,0.5144917368888855
89.15311431884766,-137.92562866210938,0.44999852776527405,-1.648404598236084,1.4463348388671875,0.4592006504535675
90.71195220947266,-137.88499450683594,0.40681082010269165,-1.6128261089324951,1.4446330070495605,0.43493491411209106
92.259521484375,-137.8447265625,0.3635537326335907,-1.6326268911361694,1.44379460811615,0.4123803675174713
93.9618148803711,-137.80076599121094,0.3151867091655731,-1.5766602754592896,1.4426406621932983,0.3838803172111511
95.88228607177734,-137.75164794921875,0.2601575553417206,-1.7463631629943848,1.4001426696777344,0.3264662027359009
97.49101257324219,-137.71145629882812,0.21294459700584412,-1.8151568174362183,1.3973737955093384,0.3070884943008423
98.87225341796875,-137.67709350585938,0.17205683887004852,-1.7816752195358276,1.390851616859436,0.29720503091812134
100.2173843383789,-137.64378356933594,0.13196510076522827,-1.730189323425293,1.389513611793518,0.28683769702911377
102.0382080078125,-137.59889221191406,0.07762855291366577,-1.572630524635315,1.3918883800506592,0.27560722827911377
104.08019256591797,-137.548828125,0.016319846734404564,-1.6660127639770508,1.3218618631362915,0.25775575637817383
106.24474334716797,-137.49867248535156,-0.04872703552246094,-1.7526469230651855,1.2770615816116333,0.2520221769809723
108.27943420410156,-137.45223999023438,-0.10990501195192337,-1.756499171257019,1.2745288610458374,0.2435539960861206
110.30441284179688,-137.4062042236328,-0.17046351730823517,-1.7245407104492188,1.2751911878585815,0.2362818419933319
112.46269226074219,-137.35714721679688,-0.23477277159690857,-1.4850127696990967,1.2764884233474731,0.24222122132778168
115.22747039794922,-137.29452514648438,-0.3156627118587494,-1.5278927087783813,1.2746044397354126,0.2661670446395874
118.34243774414062,-137.22410583496094,-0.4050465226173401,-1.500087022781372,1.2784860134124756,0.26087281107902527
120.782958984375,-137.16830444335938,-0.47262659668922424,-1.611781120300293,1.2902671098709106,0.27193576097488403
123.93653869628906,-137.09544372558594,-0.5576447248458862,-1.567412257194519,1.2887440919876099,0.33798131346702576
127.07781982421875,-137.02267456054688,-0.6385028958320618,-1.4301117658615112,1.2909644842147827,0.405977338552475
130.18875122070312,-136.95018005371094,-0.7139742374420166,-1.4306923151016235,1.295338749885559,0.45498257875442505
133.20413208007812,-136.87937927246094,-0.7818118929862976,-1.3062121868133545,1.2991937398910522,0.5323338508605957
136.26841735839844,-136.80686950683594,-0.8465505242347717,-1.1138261556625366,1.3073084354400635,0.6088660359382629
139.343017578125,-136.73304748535156,-0.9053994417190552,-1.1370488405227661,1.3148560523986816,0.6374375224113464
140.05938720703125,-136.7157440185547,-0.9182802438735962,-1.1232244968414307,1.317368745803833,0.6460862159729004
142.29539489746094,-136.66111755371094,-0.9557356834411621,-1.0279570817947388,1.320259690284729,0.7394008040428162
143.91949462890625,-136.62100219726562,-0.9810328483581543,-1.0637472867965698,1.3111411333084106,0.7992185354232788
146.18516540527344,-136.56591796875,-1.013832449913025,-0.7891531586647034,1.2892146110534668,0.859260082244873
148.3519744873047,-136.5361328125,-1.0408573150634766,-0.7667843103408813,0.49019527435302734,0.9249891042709351
150.2707061767578,-136.51986694335938,-1.0621787309646606,-0.6004350781440735,0.42157498002052307,0.9631972908973694
152.13607788085938,-136.5033416748047,-1.0797615051269531,-0.5331645607948303,0.4260863661766052,1.0334575176239014
153.50856018066406,-136.49095153808594,-1.090690016746521,-0.3779621720314026,0.4281797707080841,1.0752067565917969
155.47901916503906,-136.4730682373047,-1.1053361892700195,-0.2665686011314392,0.4338391125202179,1.1197839975357056
157.5099639892578,-136.45181274414062,-1.1156538724899292,-0.23098333179950714,0.5382112860679626,1.1994365453720093
159.0224151611328,-136.4326934814453,-1.122139811515808,-0.1537816971540451,0.6640483736991882,1.2226322889328003
161.0989532470703,-136.40460205078125,-1.1275912523269653,-0.10836777836084366,0.6423157453536987,1.2628321647644043
163.21937561035156,-136.375244140625,-1.1301077604293823,-0.050502415746450424,0.6704572439193726,1.2945191860198975
164.8303680419922,-136.35223388671875,-1.1299045085906982,0.05477811396121979,0.6959139704704285,1.3049192428588867
166.9697265625,-136.32046508789062,-1.1267573833465576,0.11252736300230026,0.7237730026245117,1.367911458015442
169.04953002929688,-136.287841796875,-1.1198015213012695,0.22545087337493896,0.7635096311569214,1.3714572191238403
170.6783905029297,-136.26136779785156,-1.1128305196762085,0.5133160352706909,0.8637495040893555,1.40849769115448
173.46807861328125,-136.21163940429688,-1.094932198524475,0.5646312236785889,0.913290798664093,1.4000757932662964
176.31399536132812,-136.15953063964844,-1.0710643529891968,0.48435601592063904,0.9111160039901733,1.4341509342193604
178.41168212890625,-136.12103271484375,-1.0508179664611816,0.6114316582679749,0.9237212538719177,1.4401817321777344
181.1086883544922,-136.04022216796875,-1.0207691192626953,0.5865219831466675,1.9773118495941162,1.3847458362579346
183.3595733642578,-135.95042419433594,-0.9922194480895996,0.5475967526435852,2.110300064086914,1.4001036882400513
184.5995635986328,-135.90179443359375,-0.9754949808120728,0.6354876160621643,2.1048476696014404,1.4065746068954468
185.943115234375,-135.84890747070312,-0.9565446376800537,0.851895272731781,2.1063060760498047,1.3954867124557495
187.49790954589844,-135.78794860839844,-0.9328540563583374,1.0637199878692627,2.1215312480926514,1.3315188884735107
189.4274444580078,-135.71253967285156,-0.9016315340995789,1.1296244859695435,2.1328279972076416,1.2676069736480713
191.45416259765625,-135.63182067871094,-0.8667091727256775,1.0151641368865967,2.086622714996338,1.1712868213653564
192.9806671142578,-135.5727081298828,-0.8392605185508728,1.0359278917312622,2.1373958587646484,1.173345923423767
195.0214385986328,-135.49195861816406,-0.8013737797737122,1.0923316478729248,2.146369218826294,1.151986002922058
196.98046875,-135.41494750976562,-0.7631386518478394,1.1228830814361572,2.1318187713623047,1.0911540985107422
198.7435302734375,-135.34652709960938,-0.7272173166275024,1.1547800302505493,2.132739782333374,1.008155345916748
200.24234008789062,-135.299560546875,-0.6950781345367432,1.146310567855835,1.6775487661361694,1.0390104055404663
201.48397827148438,-135.26930236816406,-0.6678915023803711,1.174211859703064,1.4767950773239136,0.8792330026626587
202.53565979003906,-135.239990234375,-0.644939661026001,1.3020389080047607,1.4679083824157715,0.8337808847427368
204.0626678466797,-135.19883728027344,-0.610909104347229,1.394034743309021,1.4612947702407837,0.7877508997917175
205.82986450195312,-135.1518096923828,-0.5704900026321411,1.3442835807800293,1.4537397623062134,0.7130787968635559
207.7073974609375,-135.10238647460938,-0.5272731184959412,1.382812738418579,1.454008936882019,0.6145046949386597
209.76345825195312,-135.06040954589844,-0.4781869351863861,1.3608263731002808,1.1471141576766968,0.6302785277366638
211.77825927734375,-135.03587341308594,-0.4302182197570801,1.4011244773864746,0.8488638401031494,0.37905994057655334
213.80987548828125,-135.00469970703125,-0.3806242346763611,1.4006463289260864,0.8510692119598389,0.29807865619659424
215.81187438964844,-134.97349548339844,-0.3325575292110443,1.395544171333313,0.8954570889472961,0.2060273438692093
217.91175842285156,-134.94090270996094,-0.28134721517562866,1.39316725730896,0.8910557627677917,0.05638692528009415
219.969482421875,-134.90953063964844,-0.2322257161140442,1.3662631511688232,0.8766820430755615,-0.12261960655450821
222.2852325439453,-134.87506103515625,-0.1766885370016098,1.4991854429244995,0.8438816070556641,-0.353759765625
224.92710876464844,-134.83889770507812,-0.1142575815320015,1.4851903915405273,0.8116456866264343,-0.5208739042282104
227.9569549560547,-134.79991149902344,-0.04360881820321083,1.4656355381011963,0.7915207147598267,-0.687652587890625
231.03244018554688,-134.76242065429688,0.02614433318376541,1.183876633644104,0.7785878777503967,-0.9791259169578552
233.6809539794922,-134.732421875,0.08376346528530121,1.045531153678894,0.7829082012176514,-1.188934326171875
235.6288604736328,-134.7522735595703,0.12391101568937302,0.9457762241363525,-0.661865234375,-1.171905517578125
237.49403381347656,-134.87767028808594,0.15831905603408813,0.9692789316177368,-2.654358148574829,-1.6364134550094604
239.93753051757812,-135.111083984375,0.1982341706752777,1.0279911756515503,-6.167668342590332,-1.4694823026657104
242.31407165527344,-135.73497009277344,0.21889811754226685,0.43796536326408386,-13.752368927001953,-2.18157958984375
245.01942443847656,-136.36260986328125,0.2387038767337799,0.2781389355659485,-12.662343978881836,-2.438080072402954
247.35951232910156,-136.8955078125,0.24858184158802032,0.12401574105024338,-12.51158618927002,-2.67510986328125
249.6000518798828,-137.14312744140625,0.2649179697036743,0.21219347417354584,-6.026432037353516,-2.788665771484375
251.4969024658203,-137.34986877441406,0.2747800350189209,0.37968337535858154,-6.019841194152832,-2.9400031566619873
253.32318115234375,-137.4309844970703,0.2885001301765442,0.4291612505912781,-2.704529047012329,-3.100220203399658
255.19549560546875,-137.5020294189453,0.30092722177505493,0.2949138879776001,-2.003814935684204,-3.187714099884033
257.5582580566406,-137.59251403808594,0.3147891163825989,0.4104943573474884,-1.842712163925171,-3.4084784984588623
260.0964660644531,-137.59677124023438,0.3328201472759247,0.2603667974472046,-0.0928344652056694,-3.5174875259399414
262.17718505859375,-137.5953826904297,0.3453766107559204,0.3988625407218933,0.5049561858177185,-3.8071908950805664
264.46405029296875,-137.54112243652344,0.3603367209434509,0.2168106883764267,1.3212138414382935,-3.724611282348633
265.90032958984375,-137.50152587890625,0.36903902888298035,0.23417985439300537,1.8836636543273926,-3.7563178539276123
267.18621826171875,-137.4693603515625,0.3760245144367218,0.35202792286872864,1.8765369653701782,-3.7913217544555664
268.9220275878906,-137.42408752441406,0.38442397117614746,0.5610522031784058,1.8541128635406494,-3.8614814281463623
271.15478515625,-137.3636932373047,0.39514458179473877,0.36497795581817627,1.8597043752670288,-3.9253249168395996
273.5289306640625,-137.3007049560547,0.4038192927837372,0.2682420015335083,1.857161045074463,-3.9558424949645996
275.5184020996094,-137.24803161621094,0.41026681661605835,0.1244528666138649,1.8697785139083862,-3.9943857192993164
277.32232666015625,-137.2043914794922,0.41463419795036316,0.016494905576109886,1.7348958253860474,-3.9400041103363037
278.4807434082031,-137.31080627441406,0.40755462646484375,-0.15338554978370667,-2.452515125274658,-3.7762768268585205
280.1739501953125,-137.9488983154297,0.36452773213386536,-1.1576828956604004,-17.46809196472168,-3.2934882640838623
281.48443603515625,-139.34133911132812,0.2685818374156952,-2.7716290950775146,-42.32063674926758,-2.2886970043182373
282.0930480957031,-141.80332946777344,0.0971294417977333,-3.9962751865386963,-76.72806549072266,0.13333263993263245
281.1951904296875,-144.28700256347656,-0.077479287981987,-3.834256172180176,-112.44855499267578,2.691626787185669
279.19024658203125,-145.72021484375,-0.180826798081398,-2.4425575733184814,-145.77040100097656,4.492475509643555
276.5038757324219,-145.7672882080078,-0.18847033381462097,-0.06103456765413284,177.93101501464844,5.240268707275391
273.93560791015625,-145.26951599121094,-0.15888762474060059,0.5594266057014465,170.885009765625,4.027411460876465
271.8022155761719,-145.138916015625,-0.15103428065776825,0.3236894905567169,175.47412109375,4.239001750946045
269.6221923828125,-144.995849609375,-0.141937717795372,0.26627489924430847,175.83164978027344,4.22061824798584
267.83349609375,-144.98455810546875,-0.14204856753349304,0.1069197729229927,178.62442016601562,4.2428741455078125
266.06072998046875,-144.9544219970703,-0.14049361646175385,0.10947426408529282,178.62672424316406,4.174560546875
264.1207275390625,-145.0605926513672,-0.14846980571746826,-0.13653548061847687,-178.12936401367188,4.175278186798096
262.2454528808594,-145.1338653564453,-0.15418754518032074,-0.12359226495027542,-178.1309051513672,4.076847553253174
259.9571228027344,-145.24600219726562,-0.162333682179451,-0.153412863612175,-177.2991180419922,3.8969740867614746
257.3996276855469,-145.39089965820312,-0.17266616225242615,-0.3220843970775604,-177.168701171875,3.875145196914673
254.99072265625,-145.52548217773438,-0.18221960961818695,-0.2245492935180664,-177.16305541992188,3.765170097351074
252.59483337402344,-145.65719604492188,-0.1917363703250885,-0.26201969385147095,-177.18145751953125,3.6469967365264893
250.05812072753906,-145.79641723632812,-0.20147475600242615,-0.15478573739528656,-177.1886444091797,3.5291385650634766
247.32830810546875,-145.94627380371094,-0.2122332751750946,0.06375981122255325,-177.20205688476562,3.4067370891571045
244.02503967285156,-146.1242218017578,-0.22440205514431,-0.02823599986732006,-177.1864471435547,3.061785936355591
240.37124633789062,-146.322021484375,-0.2374563366174698,-0.29113680124282837,-177.17813110351562,2.6926815509796143
237.2388153076172,-146.4709930419922,-0.24890150129795074,-0.22189916670322418,-177.79647827148438,2.563267946243286
234.08395385742188,-146.6043243408203,-0.2599831521511078,-0.3607774078845978,-177.91934204101562,2.233386516571045
231.5819549560547,-146.66049194335938,-0.2679736614227295,-0.22060826420783997,-178.92337036132812,1.9414013624191284
229.41038513183594,-146.70687866210938,-0.27518147230148315,-0.275789350271225,-178.94418334960938,1.6854900121688843
227.12677001953125,-146.75416564941406,-0.283458948135376,-0.1279294341802597,-178.95623779296875,1.5347387790679932
224.60552978515625,-146.80551147460938,-0.2927514314651489,-0.20318445563316345,-178.7474822998047,1.1797733306884766
221.7733917236328,-146.873779296875,-0.3049943745136261,-0.2836304306983948,-178.7600860595703,0.9021881222724915
219.32339477539062,-146.92987060546875,-0.3169250786304474,-0.3112175464630127,-178.78770446777344,0.6395049691200256
216.77210998535156,-146.98439025878906,-0.3300342559814453,-0.09780830144882202,-179.01473999023438,0.3160979747772217
213.5779266357422,-147.02516174316406,-0.3473719656467438,-0.24871449172496796,-179.69969177246094,0.041560713201761246
210.60281372070312,-147.02906799316406,-0.36573439836502075,-0.32271960377693176,179.6865234375,-0.2395934909582138
208.25840759277344,-147.04820251464844,-0.38035860657691956,-0.5394551157951355,-179.88426208496094,-0.5882261991500854
206.41778564453125,-147.05003356933594,-0.39244550466537476,-0.5848417282104492,-179.90977478027344,-0.8514708280563354
205.13197326660156,-147.050048828125,-0.40201982855796814,-0.3204314708709717,-179.92984008789062,-0.9768370389938354
203.36485290527344,-147.1232452392578,-0.41341570019721985,-0.498958945274353,-178.17628479003906,-1.1314998865127563
201.6714630126953,-147.1727294921875,-0.4243798851966858,-0.4210811257362366,-178.2005615234375,-1.2238768339157104
200.29747009277344,-147.2121124267578,-0.4339675009250641,-0.26709452271461487,-178.21092224121094,-1.356903076171875
198.75125122070312,-147.2562713623047,-0.4442518949508667,-0.2925984561443329,-178.21939086914062,-1.530151128768921
196.9462432861328,-147.30772399902344,-0.45627230405807495,-0.27859658002853394,-178.22833251953125,-1.7689510583877563
194.943359375,-147.3636932373047,-0.46901994943618774,-0.35628998279571533,-178.18821716308594,-2.02471923828125
192.92042541503906,-147.42127990722656,-0.48224180936813354,-0.3483942747116089,-177.9910430908203,-2.2047119140625
190.9344024658203,-147.48281860351562,-0.49498260021209717,-0.43090978264808655,-177.99832153320312,-2.348388433456421
189.25369262695312,-147.53485107421875,-0.5051339864730835,-0.48974502086639404,-178.01625061035156,-2.456786870956421
187.90725708007812,-147.5646209716797,-0.5143076777458191,-0.4586471915245056,-178.44480895996094,-2.466949701309204
186.7948455810547,-147.58131408691406,-0.521690845489502,-0.4495220482349396,-178.61875915527344,-2.636200189590454
185.42787170410156,-147.60585021972656,-0.5306364893913269,-0.299100786447525,-178.6397247314453,-2.722991466522217
184.07009887695312,-147.6308135986328,-0.5387996435165405,-0.33251407742500305,-178.6548614501953,-2.801666736602783
182.33453369140625,-147.662109375,-0.549252986907959,-0.24148815870285034,-178.6769561767578,-2.903136730194092
180.6134490966797,-147.69387817382812,-0.5588945746421814,-0.2587548792362213,-178.68231201171875,-3.041534423828125
178.7950897216797,-147.72711181640625,-0.5684449076652527,-0.3245159387588501,-178.68275451660156,-3.141174554824829
176.34625244140625,-147.77076721191406,-0.5804678201675415,-0.23452819883823395,-178.73944091796875,-3.246155023574829
174.92916870117188,-147.7946319580078,-0.5874580144882202,-0.348018616437912,-178.74053955078125,-3.317535877227783
173.1829071044922,-147.8229217529297,-0.5946295261383057,-0.3176925778388977,-178.7464599609375,-3.3814096450805664
171.02667236328125,-147.85848999023438,-0.603131115436554,-0.09646275639533997,-178.7656707763672,-3.468048334121704
168.49436950683594,-147.89833068847656,-0.6108359098434448,-0.05337109416723251,-178.72921752929688,-3.539276123046875
166.06678771972656,-147.9414520263672,-0.6164793372154236,-0.012663169763982296,-178.54861450195312,-3.584991455078125
163.20591735839844,-147.99363708496094,-0.620673656463623,-0.05352818965911865,-178.49526977539062,-3.6329360008239746
161.20632934570312,-148.03488159179688,-0.6209363341331482,-0.13732095062732697,-178.48281860351562,-3.636535882949829
159.09222412109375,-148.09593200683594,-0.6193007826805115,0.06960645318031311,-177.86366271972656,-3.638183832168579
157.54684448242188,-148.14407348632812,-0.6166718602180481,0.0512264147400856,-177.849365234375,-3.6236276626586914
155.84896850585938,-148.19577026367188,-0.612595796585083,0.40901902318000793,-177.87847900390625,-3.6170663833618164
153.8074951171875,-148.2604217529297,-0.6061943173408508,0.39205965399742126,-177.8798370361328,-3.602844715118408
151.56936645507812,-148.33197021484375,-0.5962774753570557,0.36372122168540955,-177.8757781982422,-3.547699213027954
148.88880920410156,-148.41636657714844,-0.5821659564971924,0.4613109529018402,-177.8803253173828,-3.477753162384033
146.0819549560547,-148.5017547607422,-0.5639054775238037,0.48108434677124023,-177.864501953125,-3.40191650390625
143.6376953125,-148.57635498046875,-0.545074462890625,0.5217239856719971,-177.8529052734375,-3.285431385040283
141.2371063232422,-148.65042114257812,-0.5245810151100159,0.5843841433525085,-177.8299102783203,-3.1707160472869873
138.37606811523438,-148.7435760498047,-0.49592652916908264,0.6635460257530212,-177.7677459716797,-3.051605463027954
135.99197387695312,-148.82188415527344,-0.4690851867198944,0.7128941416740417,-177.74888610839844,-2.923583984375
133.2292938232422,-148.91677856445312,-0.4346283972263336,0.8138306736946106,-177.72032165527344,-2.7639167308807373
130.4180450439453,-149.0124053955078,-0.39645281434059143,0.9427163004875183,-178.0241241455078,-2.579650640487671
127.1505355834961,-149.10079956054688,-0.3481541872024536,0.7481856942176819,-178.29367065429688,-2.37005615234375
124.724853515625,-149.16368103027344,-0.30995994806289673,0.8555562496185303,-178.2415008544922,-2.193786382675171
122.18415832519531,-149.2333221435547,-0.2671349346637726,0.9931640625,-178.2349853515625,-2.041748046875
119.67057037353516,-149.3019561767578,-0.22231987118721008,1.0615752935409546,-178.21803283691406,-1.8125611543655396
117.3346176147461,-149.36659240722656,-0.17844653129577637,1.175789713859558,-178.2111358642578,-1.63702392578125
114.42100524902344,-149.43865966796875,-0.1218540146946907,1.104099988937378,-178.5585174560547,-1.28717041015625
111.82733154296875,-149.24688720703125,-0.07412712275981903,1.131120204925537,176.19989013671875,-1.333526372909546
109.1512451171875,-149.0622100830078,-0.020743178203701973,1.1508526802062988,176.1665496826172,-1.1092222929000854
106.89193725585938,-148.75640869140625,0.023996353149414062,1.1607017517089844,172.73052978515625,-0.979522705078125
104.61968231201172,-148.46337890625,0.07379238307476044,1.2203772068023682,172.74624633789062,-0.7836608290672302
102.68251037597656,-148.21481323242188,0.11767157912254333,1.3494813442230225,172.74911499023438,-0.6489563584327698
100.29667663574219,-147.90936279296875,0.17451812326908112,1.3192373514175415,172.76063537597656,-0.5118101835250854
98.40774536132812,-147.68167114257812,0.2207178771495819,1.3669052124023438,173.28338623046875,-0.4732055068016052
96.51968383789062,-147.47030639648438,0.26893454790115356,1.4208500385284424,173.50819396972656,-0.2394714057445526
94.62445831298828,-147.2769317626953,0.31776461005210876,1.6806703805923462,174.2510223388672,-0.1511535793542862
92.41769409179688,-147.14817810058594,0.3756433427333832,1.3512094020843506,177.0526123046875,0.01959940977394581
90.6344223022461,-147.08358764648438,0.4217381179332733,1.4768575429916382,177.6145477294922,0.1758754998445511
88.78731536865234,-147.0072784423828,0.4694978892803192,1.705525517463684,177.6290283203125,0.23550203442573547
86.10826110839844,-146.95022583007812,0.5386190414428711,1.401814341545105,178.4864044189453,0.34852248430252075
84.183349609375,-146.900634765625,0.5873550176620483,1.4460397958755493,178.4908447265625,0.39166003465652466
82.18669128417969,-146.8495635986328,0.6370102763175964,1.4410947561264038,178.49386596679688,0.4704280197620392
80.3419418334961,-146.80259704589844,0.6819510459899902,1.3520358800888062,178.4967803955078,0.5087910294532776
78.01942443847656,-146.68263244628906,0.73804771900177,1.260333776473999,176.52218627929688,0.6653202176094055
76.35093688964844,-146.26307678222656,0.7802860140800476,1.5309594869613647,167.4951934814453,0.8246558904647827
74.29029083251953,-144.75425720214844,0.8377242088317871,1.133210301399231,142.58460998535156,0.4283657670021057
73.52465057373047,-142.6210479736328,0.8573518395423889,0.1734936237335205,111.44888305664062,-0.4424743056297302
73.90274047851562,-140.6415252685547,0.8405094146728516,-0.6959211230278015,83.42396545410156,-0.34146109223365784
75.11585235595703,-139.12083435058594,0.8008540272712708,-1.4336224794387817,56.12487030029297,0.022286199033260345
76.44012451171875,-138.47625732421875,0.7649479508399963,-1.5757724046707153,34.927833557128906,0.31933924555778503
77.67892456054688,-138.33377075195312,0.7369425892829895,-1.5234394073486328,17.117992401123047,0.7678008675575256
78.75315856933594,-138.50930786132812,0.7150655388832092,-1.3832703828811646,2.380352735519409,0.6796598434448242
79.90326690673828,-138.501953125,0.6885014772415161,-1.329161524772644,1.290034532546997,0.5415349006652832
80.91394805908203,-138.4778594970703,0.6650004386901855,-1.4316076040267944,1.2876521348953247,0.5950479507446289
81.98098754882812,-138.44363403320312,0.6389087438583374,-1.4433828592300415,1.6352970600128174,0.48925697803497314
82.96556091308594,-138.40847778320312,0.614378035068512,-1.4722540378570557,1.7731178998947144,0.5622301697731018
83.64303588867188,-138.3865203857422,0.5976215600967407,-1.5151339769363403,1.7717641592025757,0.5391614437103271
84.404052734375,-138.361572265625,0.5783014297485352,-1.4165606498718262,1.7719193696975708,0.5124267935752869
85.574951171875,-138.3238983154297,0.5480507612228394,-1.4360949993133545,1.7704763412475586,0.4712791442871094
87.09522247314453,-138.27561950683594,0.5079237222671509,-1.4612983465194702,1.7645009756088257,0.45892685651779175
88.87773132324219,-138.21937561035156,0.45999425649642944,-1.5824590921401978,1.758726716041565,0.4069823622703552
90.72021484375,-138.16163635253906,0.40893614292144775,-1.6418408155441284,1.7567590475082397,0.3984987139701843
92.3251953125,-138.11129760742188,0.3639277219772339,-1.7312958240509033,1.755804181098938,0.36814358830451965
93.73214721679688,-138.06719970703125,0.32381102442741394,-1.6293551921844482,1.7539230585098267,0.3455290198326111
95.20242309570312,-138.02127075195312,0.28137141466140747,-1.637940764427185,1.7512543201446533,0.30976006388664246
96.74169921875,-137.9735565185547,0.2363046258687973,-1.6653366088867188,1.744760513305664,0.2946684956550598
98.36683654785156,-137.92333984375,0.18819865584373474,-1.659209966659546,1.7426660060882568,0.284735769033432
100.09056091308594,-137.87022399902344,0.13680832087993622,-1.6653708219528198,1.7438008785247803,0.27977028489112854
101.90092468261719,-137.81436157226562,0.0827907919883728,-1.594295859336853,1.7433503866195679,0.25952234864234924
103.91047668457031,-137.7523956298828,0.022559165954589844,-1.6738197803497314,1.7410802841186523,0.2393142580986023
105.93059539794922,-137.69017028808594,-0.038353078067302704,-1.7235981225967407,1.7401732206344604,0.2385176122188568
107.9052505493164,-137.62940979003906,-0.09803466498851776,-1.7900421619415283,1.740360975265503,0.23229704797267914
109.54914855957031,-137.5789031982422,-0.14723838865756989,-1.8128345012664795,1.7418173551559448,0.22995957732200623
110.97455596923828,-137.53497314453125,-0.18982845544815063,-1.7539037466049194,1.743181586265564,0.22842682898044586
112.34871673583984,-137.49266052246094,-0.23072107136249542,-1.6167261600494385,1.7414263486862183,0.23476889729499817
114.29281616210938,-137.4327850341797,-0.28774377703666687,-1.6135501861572266,1.7400633096694946,0.24786296486854553
116.33507537841797,-137.36944580078125,-0.347015917301178,-1.6751925945281982,1.737841248512268,0.25827503204345703
117.80630493164062,-137.32424926757812,-0.38935837149620056,-1.7025748491287231,1.72339928150177,0.25139591097831726
119.5470962524414,-137.27098083496094,-0.43798384070396423,-1.6898775100708008,1.7332525253295898,0.26685863733291626
121.41414642333984,-137.21340942382812,-0.48942625522613525,-1.4766526222229004,1.7321901321411133,0.27323082089424133
123.50264739990234,-137.14881896972656,-0.5458527207374573,-1.4851630926132202,1.7293530702590942,0.3229924142360687
125.68858337402344,-137.08116149902344,-0.6028351187705994,-1.4758262634277344,1.7268145084381104,0.37445276975631714
127.92583465576172,-137.04014587402344,-0.6581353545188904,-1.3399600982666016,0.7211214900016785,0.47792676091194153
130.04635620117188,-137.01576232910156,-0.7094647288322449,-1.421444296836853,0.5766685605049133,0.48379459977149963
131.99778747558594,-136.99539184570312,-0.7544689774513245,-1.245239019393921,0.5597558617591858,0.5336347818374634
134.0192413330078,-136.97421264648438,-0.7985832691192627,-1.2062933444976807,0.5916020274162292,0.5929021239280701
136.07362365722656,-136.95033264160156,-0.8408769965171814,-1.177640676498413,0.6009841561317444,0.6499927639961243
138.106689453125,-136.9266357421875,-0.8804031014442444,-1.0563023090362549,0.6040976643562317,0.6918447613716125
140.22056579589844,-136.90130615234375,-0.9186833500862122,-0.8920499682426453,0.6122317910194397,0.717422604560852
141.91009521484375,-136.8805694580078,-0.9466859698295593,-0.8976370692253113,0.6152511239051819,0.7829139828681946
144.1371307373047,-136.85302734375,-0.9812127947807312,-0.8426745533943176,0.6046431660652161,0.8647122383117676
146.2989959716797,-136.82638549804688,-1.011446237564087,-0.8273954391479492,0.6036245822906494,0.9496745467185974
148.27145385742188,-136.80242919921875,-1.0359796285629272,-0.667452871799469,0.6139683723449707,0.9690777659416199
150.19366455078125,-136.74496459960938,-1.0574169158935547,-0.5348584055900574,1.4707578420639038,1.031535267829895
152.0943145751953,-136.693115234375,-1.0762391090393066,-0.5662158131599426,1.4750815629959106,1.0753229856491089
153.40728759765625,-136.65721130371094,-1.086745023727417,-0.5062536001205444,1.4777785539627075,1.1087077856063843
155.2830352783203,-136.6058349609375,-1.101850152015686,-0.35137906670570374,1.4828697443008423,1.1515737771987915
157.05941772460938,-136.5569305419922,-1.1116102933883667,-0.33205646276474,1.4853168725967407,1.207154393196106
158.79063415527344,-136.50880432128906,-1.1200073957443237,-0.11416660249233246,1.493674635887146,1.235306739807129
160.31582641601562,-136.4656524658203,-1.1248548030853271,-0.10730226337909698,1.505443811416626,1.2575658559799194
162.38182067871094,-136.406005859375,-1.1290860176086426,-0.055174265056848526,1.5032423734664917,1.2871934175491333
164.18882751464844,-136.3544921875,-1.130720853805542,0.25128263235092163,1.5168094635009766,1.2951573133468628
166.77598571777344,-136.2797088623047,-1.12832510471344,0.0665738508105278,1.5147583484649658,1.347428798675537
169.09544372558594,-136.2114715576172,-1.1214693784713745,0.14845415949821472,1.510890245437622,1.36410391330719
170.68441772460938,-136.16429138183594,-1.1148442029953003,0.2297060787677765,1.5196088552474976,1.3926820755004883
172.77381896972656,-136.10208129882812,-1.1022928953170776,0.38315993547439575,1.5236798524856567,1.389205813407898
175.12921142578125,-136.0336151123047,-1.0851638317108154,0.5670627355575562,1.4907160997390747,1.3999660015106201
177.091064453125,-135.9774627685547,-1.068108081817627,0.5921500325202942,1.4918586015701294,1.3996524810791016
179.81378173828125,-135.8995819091797,-1.0396398305892944,0.7167531847953796,1.4981356859207153,1.3904132843017578
182.72984313964844,-135.816162109375,-1.004124641418457,0.7613884806632996,1.4985827207565308,1.3603763580322266
184.792724609375,-135.75689697265625,-0.9759459495544434,0.7330431938171387,1.4902445077896118,1.3669840097427368
187.08290100097656,-135.70225524902344,-0.9411265850067139,0.6515727043151855,1.0395442247390747,1.450202465057373
188.6214599609375,-135.6820526123047,-0.9161679744720459,0.7934903502464294,0.7925780415534973,1.2688499689102173
189.7884063720703,-135.66253662109375,-0.8961885571479797,1.0196515321731567,0.8058976531028748,1.2159504890441895
191.03619384765625,-135.64149475097656,-0.8742352724075317,1.1084576845169067,0.8170487880706787,1.1477097272872925
192.6793975830078,-135.61459350585938,-0.8443039655685425,1.2078505754470825,0.8189157247543335,1.1457651853561401
194.44622802734375,-135.58607482910156,-0.810941755771637,1.0317615270614624,0.7994807362556458,1.1391313076019287
196.1068115234375,-135.55984497070312,-0.7785771489143372,1.1186960935592651,0.7848726511001587,1.1134493350982666
197.84820556640625,-135.533203125,-0.7431170344352722,1.243388056755066,0.7864502668380737,1.0515201091766357
199.80197143554688,-135.50306701660156,-0.7017585039138794,1.2523560523986816,0.7933281064033508,0.922834575176239
201.8162078857422,-135.47190856933594,-0.657105028629303,1.2787206172943115,0.7876760959625244,0.8363920450210571
203.83474731445312,-135.44119262695312,-0.6125425696372986,1.2974421977996826,0.7604444026947021,0.766909658908844
205.87901306152344,-135.41217041015625,-0.5661832094192505,1.3636608123779297,0.6542646884918213,0.6896014213562012
207.39642333984375,-135.392578125,-0.5314682722091675,1.336941123008728,0.6114763021469116,0.6327226758003235
209.0378875732422,-135.36428833007812,-0.4935472309589386,1.3450895547866821,0.8710162043571472,0.5334621071815491
210.89559936523438,-135.33509826660156,-0.44961047172546387,1.2509695291519165,0.8539448976516724,0.42101719975471497
212.6814727783203,-135.30809020996094,-0.4075697958469391,1.373988151550293,0.8346567153930664,0.3292260468006134
214.69259643554688,-135.27838134765625,-0.35943251848220825,1.436429738998413,0.8176630139350891,0.23001939058303833
216.81222534179688,-135.2481689453125,-0.308787077665329,1.5762163400650024,0.8123785257339478,0.12264544516801834
219.50259399414062,-135.21029663085938,-0.24431610107421875,1.5185012817382812,0.808506190776825,-0.1058349534869194
222.4799346923828,-135.16928100585938,-0.17377983033657074,1.449652910232544,0.8007010221481323,-0.3737792670726776
225.5581817626953,-135.12904357910156,-0.10217197239398956,1.2828665971755981,0.7778314352035522,-0.5364990234375
228.29794311523438,-135.09555053710938,-0.03963245451450348,1.256706953048706,0.7678785920143127,-0.7275999784469604
230.8933563232422,-135.06509399414062,0.01799171417951584,1.197550654411316,0.7593887448310852,-0.9993895888328552
233.25643920898438,-135.03895568847656,0.06865832954645157,1.110131025314331,0.7462633848190308,-1.160675048828125
235.21568298339844,-135.0185546875,0.10938198119401932,1.0773392915725708,0.7313597798347473,-1.3212891817092896
236.95445251464844,-135.0850067138672,0.14261165261268616,0.9949057698249817,-2.02496337890625,-1.2598572969436646
238.83946228027344,-135.19244384765625,0.17560482025146484,0.9421015977859497,-2.687286853790283,-1.7403564453125
240.63919067382812,-135.37905883789062,0.20215903222560883,0.8997134566307068,-5.767673015594482,-1.5525819063186646
242.42735290527344,-135.85513305664062,0.21643076837062836,0.4382932186126709,-12.477862358093262,-2.226928949356079
243.9026336669922,-136.18821716308594,0.22835169732570648,0.3876746892929077,-12.487353324890137,-2.345337152481079
245.2527313232422,-136.49363708496094,0.23658572137355804,0.26195138692855835,-12.492448806762695,-2.484954833984375
246.43792724609375,-136.7523651123047,0.24280956387519836,0.09934509545564651,-12.109759330749512,-2.647827386856079
247.60272216796875,-136.81248474121094,0.2550475299358368,0.39766043424606323,-6.210453033447266,-2.588135004043579
248.4590301513672,-136.90850830078125,0.26125192642211914,0.4249265491962433,-6.17108678817749,-2.650177478790283
249.29849243164062,-137.0052947998047,0.2671774625778198,0.434379518032074,-6.180851936340332,-2.736999988555908
250.2644805908203,-137.116455078125,0.27294301986694336,0.43424972891807556,-6.189884662628174,-2.811615467071533
252.1332550048828,-137.2936553955078,0.2842734456062317,0.2694031298160553,-5.524326801300049,-2.973206043243408
253.9558563232422,-137.46363830566406,0.2923104465007782,0.4324192404747009,-4.948763847351074,-3.2918100357055664
256.3382873535156,-137.52371215820312,0.30903369188308716,0.2628598213195801,-1.6024169921875,-3.2250373363494873
257.78643798828125,-137.5619354248047,0.3186594843864441,0.25329071283340454,-1.170318365097046,-3.450805902481079
258.9748229980469,-137.58709716796875,0.32568252086639404,0.3645544946193695,-1.001312017440796,-3.406738758087158
260.25244140625,-137.6178741455078,0.332430899143219,0.3606339693069458,-1.0033262968063354,-3.547546863555908
261.4725646972656,-137.61068725585938,0.3407263457775116,0.27272942662239075,0.19681638479232788,-3.620819330215454
262.92108154296875,-137.61585998535156,0.34743690490722656,0.46835970878601074,0.17219994962215424,-3.6810004711151123
264.4671630859375,-137.5585174560547,0.3589315712451935,0.413301557302475,1.674096941947937,-3.6985177993774414
266.1673889160156,-137.51866149902344,0.36864370107650757,0.4517691731452942,1.6659040451049805,-3.7586679458618164
268.10601806640625,-137.4729766845703,0.3790351450443268,0.2922159731388092,1.685956358909607,-3.8441779613494873
269.72265625,-137.4355926513672,0.3866351544857025,0.11375679075717926,1.703260898590088,-3.8869950771331787
270.9383850097656,-137.40879821777344,0.3916740417480469,0.13323649764060974,1.6999620199203491,-3.9296586513519287
272.19537353515625,-137.38304138183594,0.39577680826187134,0.3034652769565582,1.6820628643035889,-3.9570932388305664
273.3825378417969,-137.35763549804688,0.3996794819831848,0.2918471395969391,1.6737983226776123,-3.9608776569366455
274.7239685058594,-137.32821655273438,0.4036487340927124,0.2603941261768341,1.667011022567749,-3.984773635864258
276.28192138671875,-137.29505920410156,0.4077046513557434,0.134103924036026,1.6713969707489014,-4.000763893127441
277.3893127441406,-137.33921813964844,0.4053365886211395,-0.1047067940235138,-0.6747742295265198,-3.8374032974243164
278.4749755859375,-137.61712646484375,0.3869869112968445,-0.5830385684967041,-8.715463638305664,-3.595489978790283
279.5513916015625,-138.2890167236328,0.341276079416275,-1.6266436576843262,-23.60709571838379,-3.184631824493408
280.6387634277344,-139.9091339111328,0.22887428104877472,-3.1572890281677246,-50.86207580566406,-1.8587955236434937
280.9134826660156,-141.68603515625,0.1041601151227951,-4.022305011749268,-75.6372299194336,-0.22210679948329926
280.1395263671875,-143.9054412841797,-0.052894361317157745,-3.967677116394043,-107.91080474853516,2.153787136077881
278.6671142578125,-145.2265167236328,-0.14767935872077942,-3.0647876262664795,-134.72061157226562,3.8215901851654053
276.52099609375,-145.7165069580078,-0.18560905754566193,-1.3448095321655273,-165.1475372314453,4.700164794921875
274.7103576660156,-145.2115020751953,-0.1528865396976471,0.6081395149230957,169.84803771972656,4.385968208312988
272.93804931640625,-144.90367126464844,-0.13322654366493225,0.5317506790161133,170.61509704589844,3.8892533779144287
271.5911865234375,-144.95457458496094,-0.13786979019641876,0.13637155294418335,178.38540649414062,3.796325206756592
269.93621826171875,-145.0060272216797,-0.14241671562194824,-0.05389701947569847,-179.928955078125,4.260839939117432
268.3868408203125,-145.020751953125,-0.14435707032680511,-0.04604913294315338,-179.92543029785156,4.206773281097412
266.83856201171875,-145.07916259765625,-0.1492883712053299,-0.013428151607513428,-178.6055908203125,4.177861213684082
265.54388427734375,-145.1216583251953,-0.1524438112974167,-0.11007532477378845,-178.6092529296875,4.163183212280273
263.6356201171875,-145.18115234375,-0.157282754778862,0.0009425660828128457,-178.5953826904297,4.106640338897705
261.65087890625,-145.242919921875,-0.1617462933063507,-0.20980973541736603,-178.6187286376953,4.046657562255859
259.9609375,-145.31028747558594,-0.16704921424388885,0.039840489625930786,-178.05848693847656,3.8514773845672607
258.013671875,-145.40304565429688,-0.17327582836151123,-0.2570131719112396,-177.81431579589844,3.909782886505127
256.8077697753906,-145.4584503173828,-0.17723475396633148,-0.25656238198280334,-177.81594848632812,3.852666139602661
255.48382568359375,-145.520751953125,-0.1817653924226761,-0.13534702360630035,-177.8064727783203,3.790971279144287
253.53005981445312,-145.60760498046875,-0.18833209574222565,-0.05761947110295296,-177.80116271972656,3.687356472015381
251.57589721679688,-145.693603515625,-0.19460010528564453,-0.15676648914813995,-177.81954956054688,3.6086208820343018
249.0735626220703,-145.8015594482422,-0.20275671780109406,-0.1824275106191635,-177.9053192138672,3.500347852706909
246.70423889160156,-145.90017700195312,-0.21001002192497253,-0.18841758370399475,-177.9061737060547,3.350963830947876
244.7952117919922,-145.9790802001953,-0.21598921716213226,-0.23624257743358612,-177.9184112548828,3.1393654346466064
242.5389404296875,-146.07159423828125,-0.2229774445295334,-0.2346511334180832,-177.92372131347656,2.8787360191345215
240.68478393554688,-146.1466827392578,-0.2289530336856842,-0.19137506186962128,-177.9307861328125,2.73445987701416
238.23336791992188,-146.2461700439453,-0.23793725669384003,-0.2177669107913971,-177.9503173828125,2.600600242614746
235.65066528320312,-146.34951782226562,-0.2471228539943695,-0.22335399687290192,-177.9897003173828,2.413928747177124
233.60137939453125,-146.40512084960938,-0.2542297840118408,-0.1586311310529709,-178.93943786621094,2.1812586784362793
231.08316040039062,-146.4567413330078,-0.26285630464553833,-0.24904917180538177,-179.0614776611328,1.8899444341659546
229.3807830810547,-146.4892578125,-0.2691890597343445,-0.28521502017974854,-179.07664489746094,1.6821540594100952
227.61959838867188,-146.52174377441406,-0.27583396434783936,-0.19012513756752014,-179.08718872070312,1.5725542306900024
225.85487365722656,-146.5538330078125,-0.28320154547691345,-0.15578977763652802,-179.0962677001953,1.2867704629898071
223.93214416503906,-146.58712768554688,-0.2912989854812622,-0.2518632113933563,-179.11183166503906,1.1457748413085938
221.7212677001953,-146.62461853027344,-0.302068293094635,-0.34963735938072205,-179.12857055664062,0.8762978911399841
219.98565673828125,-146.65281677246094,-0.3108326196670532,-0.3553747236728668,-179.14353942871094,0.7010036110877991
218.66387939453125,-146.67388916015625,-0.3180455267429352,-0.24243755638599396,-179.15029907226562,0.5558260083198547
216.76803588867188,-146.74560546875,-0.3288920521736145,-0.3381626605987549,-178.2848663330078,0.2906603515148163
215.06410217285156,-146.796630859375,-0.33842727541923523,-0.438935250043869,-178.30633544921875,0.12828604876995087
213.35702514648438,-146.8467254638672,-0.3497203290462494,-0.39121273159980774,-178.3158416748047,-0.0412292405962944
211.87353515625,-146.88946533203125,-0.3589307963848114,-0.3597392141819,-178.32960510253906,-0.16851797699928284
210.13375854492188,-146.93914794921875,-0.3693675100803375,-0.23721246421337128,-178.34779357910156,-0.3581847548484802
208.2806854248047,-146.9911651611328,-0.3814007043838501,-0.2880563735961914,-178.3578643798828,-0.6316832900047302
206.34536743164062,-147.0446014404297,-0.3929741084575653,-0.33013716340065,-178.3646697998047,-0.8815307021141052
204.4252471923828,-147.09603881835938,-0.4060268998146057,-0.4560243785381317,-178.390869140625,-1.07354736328125
202.8197784423828,-147.13763427734375,-0.41710349917411804,-0.3936442732810974,-178.41468811035156,-1.1689146757125854
201.20765686035156,-147.17852783203125,-0.4279014468193054,-0.33627068996429443,-178.42877197265625,-1.2661131620407104
199.62257385253906,-147.21783447265625,-0.43874987959861755,-0.4114915430545807,-178.4342498779297,-1.42498779296875
198.22622680664062,-147.25169372558594,-0.4479468762874603,-0.3976740837097168,-178.44297790527344,-1.5942381620407104
196.84120178222656,-147.28494262695312,-0.45782095193862915,-0.32006949186325073,-178.4481964111328,-1.7852174043655396
195.09445190429688,-147.32742309570312,-0.4694618880748749,-0.3365165591239929,-178.4534454345703,-2.01287841796875
193.1730499267578,-147.37364196777344,-0.48203596472740173,-0.39407455921173096,-178.4595184326172,-2.17681884765625
191.5532989501953,-147.41171264648438,-0.4929104149341583,-0.45645469427108765,-178.4595489501953,-2.296447992324829
189.9059295654297,-147.45001220703125,-0.5038063526153564,-0.41064462065696716,-178.4743194580078,-2.395905017852783
187.9602508544922,-147.49398803710938,-0.5168397426605225,-0.30697599053382874,-178.5222625732422,-2.548919916152954
185.82679748535156,-147.53659057617188,-0.530737578868866,-0.33875003457069397,-178.64356994628906,-2.675750970840454
183.0706787109375,-147.5853729248047,-0.5477396249771118,-0.3372747302055359,-178.66441345214844,-2.851226568222046
180.82899475097656,-147.62367248535156,-0.5609322786331177,-0.33984288573265076,-178.66981506347656,-3.017699956893921
178.0687255859375,-147.6695556640625,-0.57574063539505,-0.329590767621994,-178.6620635986328,-3.1783454418182373
175.8573760986328,-147.7062225341797,-0.587044358253479,-0.26535284519195557,-178.658203125,-3.2663891315460205
173.22262573242188,-147.7488250732422,-0.5986922383308411,-0.2885754704475403,-178.71421813964844,-3.381011724472046
170.65695190429688,-147.80088806152344,-0.6076291799545288,-0.17205928266048431,-178.29678344726562,-3.6049509048461914
168.29530334472656,-147.8820037841797,-0.6127108335494995,-0.09799271821975708,-177.73605346679688,-3.5517587661743164
166.17202758789062,-147.95433044433594,-0.6154223680496216,-0.010655094869434834,-177.74159240722656,-3.5832531452178955
163.4362030029297,-148.046630859375,-0.6166999936103821,0.11556679755449295,-177.7496795654297,-3.624878168106079
161.13494873046875,-148.1210174560547,-0.6157475113868713,0.1339331716299057,-177.799072265625,-3.6463632583618164
158.73025512695312,-148.1963653564453,-0.613197922706604,0.11020509898662567,-177.81893920898438,-3.6396496295928955
155.69439697265625,-148.288818359375,-0.6064256429672241,0.26621344685554504,-177.84783935546875,-3.6340339183807373
153.3289337158203,-148.36087036132812,-0.5988017320632935,0.21355268359184265,-177.82789611816406,-3.6154797077178955
150.6252899169922,-148.44371032714844,-0.5870059728622437,0.2826946973800659,-177.93997192382812,-3.537140369415283
148.3839874267578,-148.51187133789062,-0.5744136571884155,0.2997974753379822,-177.93495178222656,-3.490326404571533
146.1995849609375,-148.5792999267578,-0.5599512457847595,0.33698102831840515,-177.93133544921875,-3.4225776195526123
143.72706604003906,-148.65586853027344,-0.5412195324897766,0.42858752608299255,-177.9321746826172,-3.307525634765625
141.59056091308594,-148.72178649902344,-0.5234917998313904,0.5604647994041443,-177.94276428222656,-3.207214832305908
138.8612823486328,-148.80552673339844,-0.4969639182090759,0.5985909104347229,-177.9304962158203,-3.086822748184204
136.42518615722656,-148.88092041015625,-0.4704682528972626,0.7303521037101746,-177.93536376953125,-2.957000255584717
132.58035278320312,-149.00177001953125,-0.4234723150730133,0.9403257369995117,-177.93624877929688,-2.73651123046875
129.29299926757812,-149.1053924560547,-0.37785911560058594,0.9728510975837708,-177.95787048339844,-2.5306396484375
124.95774841308594,-149.24351501464844,-0.31059926748275757,0.9621891975402832,-177.9317626953125,-2.225067138671875
122.20033264160156,-149.33258056640625,-0.26385462284088135,0.9274576902389526,-177.92184448242188,-2.058013677597046
118.83190155029297,-149.30963134765625,-0.20659545063972473,0.8036878108978271,177.77378845214844,-1.400298833847046
115.92839813232422,-149.0911102294922,-0.1594071090221405,0.8642237782478333,176.15345764160156,-1.590515375137329
113.31648254394531,-148.9099884033203,-0.112253338098526,1.149595856666565,176.17068481445312,-1.3856505155563354
111.07333374023438,-148.66893005371094,-0.06952842324972153,1.1431618928909302,174.24269104003906,-1.2496029138565063
108.64617919921875,-148.42019653320312,-0.020665893331170082,1.3033093214035034,174.25064086914062,-1.0301512479782104
106.18570709228516,-148.16831970214844,0.0331302247941494,1.3788511753082275,174.2257537841797,-0.8350525498390198
103.53614044189453,-147.89700317382812,0.09460636228322983,1.3987133502960205,174.22909545898438,-0.634613037109375
101.40054321289062,-147.6794891357422,0.14589297771453857,1.4114927053451538,174.24798583984375,-0.5063780546188354
99.31849670410156,-147.4687042236328,0.19679366052150726,1.4183228015899658,174.26356506347656,-0.3614807724952698
97.05908966064453,-147.27084350585938,0.2550690472126007,1.3425692319869995,175.3484649658203,-0.3320007920265198
95.41655731201172,-147.1474609375,0.29740604758262634,1.427598237991333,175.55844116210938,-0.1037292405962944
93.85345458984375,-147.07284545898438,0.3378867208957672,1.681216835975647,176.97955322265625,-0.022064208984375
91.68568420410156,-146.95993041992188,0.3946448862552643,1.6175458431243896,177.00180053710938,0.079849973320961
89.90476989746094,-146.96795654296875,0.4414142370223999,1.4438951015472412,-179.9900665283203,0.19682490825653076
88.50346374511719,-146.98440551757812,0.47710081934928894,1.4443527460098267,-179.49537658691406,0.31474027037620544
86.59613037109375,-147.00306701660156,0.5255895256996155,1.6337811946868896,-179.4849395751953,0.3883402943611145
84.4464340209961,-147.02394104003906,0.5799160003662109,1.5525702238082886,-179.48008728027344,0.4495246112346649
82.10648345947266,-147.0480194091797,0.6371232271194458,1.342787742614746,-179.4029998779297,0.5508518218994141
79.80381774902344,-147.01608276367188,0.6929177045822144,1.2667814493179321,178.69651794433594,0.7086086869239807
77.8463363647461,-146.54348754882812,0.7438444495201111,1.414463758468628,167.13375854492188,0.7509053945541382
76.31069946289062,-145.40634155273438,0.7886252999305725,1.4028934240341187,146.60964965820312,0.4951655864715576
75.35416412353516,-143.13194274902344,0.8187224268913269,0.44751396775245667,113.09210968017578,-0.1672057807445526
75.69986724853516,-140.98516845703125,0.8054625391960144,-0.6080575585365295,83.36572265625,-0.2014160305261612
77.37677764892578,-139.11239624023438,0.7532724738121033,-1.5360684394836426,48.33343505859375,0.2074742317199707
79.0203628540039,-138.5691375732422,0.7109571099281311,-1.5683889389038086,24.392677307128906,0.9155497550964355
80.72911071777344,-138.69577026367188,0.6726055145263672,-1.471243143081665,2.1361141204833984,0.9196441769599915
82.18712615966797,-138.68606567382812,0.6367830634117126,-1.4898349046707153,1.2199177742004395,0.4243713617324829
83.40450286865234,-138.60113525390625,0.6063361763954163,-1.5878276824951172,3.1876866817474365,0.269779771566391
84.3861312866211,-138.52894592285156,0.580865204334259,-1.5779716968536377,3.587057113647461,0.44571420550346375
84.980712890625,-138.49082946777344,0.5652058124542236,-1.5483696460723877,3.5862491130828857,0.4164038598537445
85.68311309814453,-138.44573974609375,0.5467632412910461,-1.5368881225585938,3.5840630531311035,0.38974979519844055
86.33916473388672,-138.40365600585938,0.5291537642478943,-1.4724725484848022,3.566150665283203,0.3859834372997284
87.26714324951172,-138.34486389160156,0.5039539933204651,-1.4200713634490967,3.558095693588257,0.38856732845306396
88.47036743164062,-138.2689971923828,0.4712011218070984,-1.508173942565918,3.551116943359375,0.36134073138237
89.74812316894531,-138.18878173828125,0.435971736907959,-1.6186796426773071,3.5482101440429688,0.3483995795249939
90.9476547241211,-138.1134796142578,0.40213289856910706,-1.6283785104751587,3.547694683074951,0.3489450216293335
92.20263671875,-138.08120727539062,0.3671468198299408,-1.7157024145126343,1.903135895729065,0.5150189399719238
92.75550842285156,-138.0709228515625,0.3515833616256714,-1.7066318988800049,1.6554479598999023,0.3249983489513397
93.32648468017578,-138.05381774902344,0.33527544140815735,-1.696953535079956,1.6538958549499512,0.35372158885002136
93.70319366455078,-138.04251098632812,0.3246804475784302,-1.8344999551773071,1.6577759981155396,0.3519993722438812
93.70856475830078,-138.0423126220703,0.3242984414100647,-1.6714428663253784,1.6647759675979614,0.3506384789943695
